{
    "sample_size": 240,
    "metrics": {
        "faithfulness": 0.8100595238095238,
        "answer_relevancy": 0.46278507058117485,
        "context_precision": 0.7941176469794117,
        "context_recall": 0.8251388888888889,
        "answer_correctness": 0.599207357453524
    }
}