{
    "sample_size": 29,
    "metrics": {
        "faithfulness": 0.8189655172413793,
        "answer_relevancy": 0.469910372388548,
        "context_precision": 0.8571428570571425,
        "context_recall": 0.9103448275862068,
        "answer_correctness": 0.6162119377820631
    }
}